{
    "description": "MXL Test File",
    "id": "5fbec3b1-1b0f-417d-9059-8b94a47197ed",
    "tags": {},
    "format": "urn:x-nmos:format:video",
    "label": "MXL Test File",
    "parents": [],
    "media_type": "video/v210",
    "grain_rate": {
        "numerator": 30000,
        "denominator": 1001
    },
    "frame_width": 1920,
    "frame_height": 1080,
    "interlace_mode": "interlaced_tff",
    "colorspace": "BT709",
    "components": [
        {
            "name": "Y",
            "width": 1920,
            "height": 1080,
            "bit_depth": 10
        },
        {
            "name": "Cb",
            "width": 960,
            "height": 1080,
            "bit_depth": 10
        },
        {
            "name": "Cr",
            "width": 960,
            "height": 1080,
            "bit_depth": 10
        }
    ]
}